{
    "instances": {
        "Bishopric of Cammin": {
            "label": "Bishopric of Cammin",
            "description": "The Bishopric of Cammin was both a former Roman Catholic diocese in the Duchy of Pomerania from 1140 to 1544, and a secular territory in the Kolberg area from 1248 to 1650. Wikipedia",
            "type": "",
            "Founded ": [
                "1140"
            ]
        },
        "Episcopal Diocese of Pittsburgh": {
            "label": "Episcopal Diocese of Pittsburgh",
            "description": "The Episcopal Diocese of Pittsburgh is a diocese in the Episcopal Church in the United States of America. Geographically, it encompasses several counties in Western Pennsylvania, and its cathedral is located in downtown Pittsburgh. Wikipedia",
            "type": "",
            "Address ": [
                "4099 William Penn Hwy #502",
                " Monroeville",
                " PA 15146",
                " United States"
            ],
            "People also search for": []
        },
        "Roman Catholic Diocese of Passau": {
            "label": "Roman Catholic Diocese of Passau",
            "description": "The Diocese of Passau is a Roman Catholic diocese in Germany that is a suffragan of the Archdiocese of Munich and Freising. Wikipedia",
            "type": "",
            "Area ": [
                "2",
                "101 sq miles (5",
                "442 km²)"
            ]
        },
        "Diocese of Härnösand": {
            "label": "Diocese of Härnösand",
            "description": "The Diocese of Härnösand is a division in the Church of Sweden in Västernorrland County. The Cathedral is located at Trädgårdsgatan in Härnösand. Wikipedia",
            "type": "",
            "Address ": [
                "Trädgårdsgatan 7",
                " 871 31 Härnösand",
                " Sweden"
            ]
        },
        "Diocese of Gothenburg": {
            "label": "Diocese of Gothenburg",
            "description": "The diocese of Gothenburg is a diocese of the Church of Sweden. Since September, 2011 the Bishop has been Per Eckerdal. 1949–1970 it was Bo Giertz. The diocese includes the provinces of Bohuslän, Halland, and south-west parts of Västergötland. Wikipedia",
            "type": ""
        },
        "Apostolic Vicariate of Paksé": {
            "label": "Apostolic Vicariate of Paksé",
            "description": "Vicariate Apostolic of Paksé is a major unit of the Roman Catholic Church in Laos. The Vicar Apostolic since 2000 is Louis-Marie Ling Mangkhanekhoun. It was established in 1967, when it was split off from the Vicariate Apostolic of Savannakhet. Wikipedia",
            "type": "",
            "Area ": [
                "17",
                "375 sq miles (45",
                "000 km²)"
            ]
        },
        "Diocese of Linköping": {
            "label": "Diocese of Linköping",
            "description": "The Diocese of Linköping is a diocese within the Church of Sweden administering the Östergötland County, the north eastern part of Jönköping County and the northern part of Kalmar County. Wikipedia",
            "type": "",
            "Address ": [
                "Ågatan 65",
                " 582 22 Linköping",
                " Sweden"
            ]
        },
        "Diocese of Lund": {
            "label": "Diocese of Lund",
            "description": "The Diocese of Lund is the southernmost diocese in the Church of Sweden. The territory of the diocese corresponds to the provinces of Blekinge and Scania. Wikipedia",
            "type": ""
        },
        "Diocese of Växjö": {
            "label": "Diocese of Växjö",
            "description": "The Diocese of Växjö is one of the 13 dioceses or regional units of the Lutheran Church of Sweden. It was also a former Roman Catholic bishopric. Wikipedia",
            "type": "",
            "Address ": [
                "Risingevägen",
                " Växjö",
                " Sweden"
            ]
        },
        "Roman Catholic Archdiocese of Ibagué": {
            "label": "Roman Catholic Archdiocese of Ibagué",
            "description": "The Roman Catholic Archdiocese of Ibagué is an archdiocese located in the city of Ibagué in Colombia. Wikipedia",
            "type": "",
            "Area ": [
                "2",
                "334 sq miles (6",
                "044 km²)"
            ]
        },
        "Diocese of Strängnäs": {
            "label": "Diocese of Strängnäs",
            "description": "The Diocese of Strängnäs is a part of the Church of Sweden and has its seat in Strängnäs Cathedral in Strängnäs, south of Lake Mälaren. The diocese is made up of the two provinces Närke and Södermanland. Wikipedia",
            "type": "",
            "Address ": [
                "Gyllenhjelmsgatan 2",
                " 645 30 Strängnäs",
                " Sweden"
            ]
        },
        "Roman Catholic Archdiocese of Sydney": {
            "label": "Roman Catholic Diocese of Parramatta",
            "description": "",
            "type": "",
            "People also search for": []
        },
        "Roman Catholic Diocese of Gualeguaychú": {
            "label": "Roman Catholic Diocese of Gualeguaychú",
            "description": "The Roman Catholic Diocese of Gualeguaychú is in Argentina and is a suffragan of the Archdiocese of Paraná. Wikipedia",
            "type": "",
            "Area ": [
                "13",
                "084 sq miles (33",
                "887 km²)"
            ]
        },
        "Diocese of Karlstad": {
            "label": "Diocese of Karlstad",
            "description": "The Diocese of Karlstad is a diocese of the Church of Sweden. It covers most of the provinces Värmland and Dalsland. Its current borders are from 1693. Wikipedia",
            "type": "",
            "Address ": [
                "Västra Torggatan 15",
                " 652 24 Karlstad",
                " Sweden"
            ]
        },
        "Roman Catholic Diocese of Líbano–Honda": {
            "label": "Roman Catholic Diocese of Líbano–Honda",
            "description": "The Roman Catholic Diocese of Líbano–Honda is a diocese located in the cities of Líbano and Honda in the Ecclesiastical province of Ibagué in Colombia. Wikipedia",
            "type": "",
            "Area ": [
                "1",
                "342 sq miles (3",
                "477 km²)"
            ]
        },
        "Roman Catholic Archdiocese of New Orleans": {
            "label": "Roman Catholic Archdiocese of New Orleans",
            "description": "The Roman Catholic Archdiocese of New Orleans, officially in Latin Archidioecesis Novae Aureliae, is an ecclesiastical division of the Roman Catholic Church administered from New Orleans, Louisiana. Wikipedia",
            "type": "",
            "Address ": [
                "1000 Howard Ave",
                " New Orleans",
                " LA 70113",
                " United States"
            ]
        },
        "Diocese of Møre": {
            "label": "Diocese of Møre",
            "description": "The Diocese of Møre is a diocese in the Church of Norway which geographically consists of Møre og Romsdal county, Norway. Its bishop is seated at the Molde Cathedral which is located in the county administrative center of Molde. Wikipedia",
            "type": ""
        },
        "Territorial Abbey of Monte Oliveto Maggiore": {
            "label": "Territorial Abbey of Monte Oliveto Maggiore",
            "description": "The Abbey of Monte Oliveto Maggiore is a large Benedictine monastery in the Italian region of Tuscany, 10 km south of Asciano. Wikipedia",
            "type": "",
            "Address ": [
                "Monte Oliveto Maggiore",
                " 53041 Asciano Siena",
                " Italy"
            ],
            "Area ": [
                "18.92 sq miles (49 km²)"
            ]
        },
        "Military Ordinariate of the Philippines": {
            "label": "Military Ordinariate of the Philippines",
            "description": "The Military Ordinariate of the Philippines or MOP is a personal diocese for the Armed Forces of the Philippines, Philippine National Police, and the Philippine Coast Guard. Wikipedia",
            "type": "Religious Jurisdiction"
        },
        "Episcopal Diocese of Atlanta": {
            "label": "Episcopal Diocese of Atlanta",
            "description": "The Episcopal Diocese of Atlanta is the diocese of the Episcopal Church in the United States of America, with jurisdiction over middle and north Georgia. Wikipedia",
            "type": "Religious Jurisdiction",
            "Address ": [
                "2744 Peachtree Rd NW",
                " Atlanta",
                " GA 30305",
                " United States"
            ],
            "Tax ID ": [
                "58-0572411"
            ],
            "Tax deductibility code ": [
                "501(c)(3)"
            ],
            "People also search for": []
        },
        "Roman Catholic Diocese of Bragança do Pará": {
            "label": "Roman Catholic Diocese of Bragança do Pará",
            "description": "The Roman Catholic Diocese of Bragança do Pará is a diocese located in the city of Bragança do Pará in the Ecclesiastical province of Belém do Pará in Brazil. Wikipedia",
            "type": "",
            "Area ": [
                "26",
                "377 sq miles (68",
                "316 km²)"
            ]
        },
        "Roman Catholic Diocese of Coria-Cáceres": {
            "label": "Roman Catholic Diocese of Coria-Cáceres",
            "description": "The Roman Catholic Diocese of Coria-Cáceres is a diocese located in the cities of Coria and Cáceres in the Ecclesiastical province of Mérida–Badajoz in Spain. Wikipedia",
            "type": "",
            "Area ": [
                "3",
                "881 sq miles (10",
                "052 km²)"
            ]
        },
        "Roman Catholic Diocese of Humaitá": {
            "label": "Roman Catholic Diocese of Humaitá",
            "description": "The Roman Catholic Diocese of Humaitá is a diocese located in the city of Humaitá in the Ecclesiastical province of Porto Velho in Brazil. Wikipedia",
            "type": "",
            "Area ": [
                "42",
                "085 sq miles (109",
                "000 km²)"
            ]
        },
        "Roman Catholic Diocese of Málaga–Soatá": {
            "label": "Roman Catholic Diocese of Málaga–Soatá",
            "description": "The Roman Catholic Diocese of Málaga–Soatá is a diocese located in the cities of Málaga and Soatá in the Ecclesiastical province of Bucaramanga in Colombia. Wikipedia",
            "type": "",
            "Area ": [
                "2",
                "883 sq miles (7",
                "466 km²)"
            ]
        },
        "Roman Catholic Diocese of São José dos Campos": {
            "label": "Roman Catholic Diocese of São José dos Campos",
            "description": "The Roman Catholic Diocese of São José dos Campos is a diocese located in the city of São José dos Campos in the Ecclesiastical province of Aparecida in Brazil. Wikipedia",
            "type": "",
            "Area ": [
                "1",
                "228 sq miles (3",
                "181 km²)"
            ]
        },
        "Dolia (titular see)": {
            "label": "Dolia",
            "description": "Dolia is a Catholic titular see in Sardinia, Italy, instituted in 1969. The diocese with see at Dolia, now Dolianova, in Sardinia was suppressed in 1503, its territory going to the diocese of Cagliari. Wikipedia",
            "type": "Titular see"
        },
        "Diocese of Wakefield": {
            "label": "Diocese of Wakefield",
            "description": "The Diocese of Wakefield is a Church of England diocese based in Wakefield in West Yorkshire, covering Wakefield, Barnsley, Kirklees and Calderdale. The cathedral is Wakefield Cathedral and the bishop is the Bishop of Wakefield. Wikipedia",
            "type": "",
            "Address ": [
                "Calder Grove",
                " West Yorkshire",
                " United Kingdom"
            ]
        },
        "Episcopal Diocese of South Dakota": {
            "label": "Episcopal Diocese of South Dakota",
            "description": "The Episcopal Diocese of South Dakota is a diocese of the Episcopal Church with jurisdiction over the state of South Dakota. Wikipedia",
            "type": "Religious Jurisdiction"
        },
        "Roman Catholic Diocese of Mainz": {
            "label": "Roman Catholic Diocese of Mainz",
            "description": "The Diocese of Mainz is a diocese of the Catholic church in Germany, historically known in English by its French name of Mayence. It was created in 1802 with the abolition of the old Archbishopric of Mainz. Wikipedia",
            "type": "",
            "Area ": [
                "2",
                "970 sq miles (7",
                "692 km²)"
            ]
        },
        "Roman Catholic Diocese of La Crosse": {
            "label": "Diocese of La Crosse",
            "description": "",
            "type": "",
            "People also search for": []
        },
        "Roman Catholic Archdiocese of Dublin": {
            "label": "Roman Catholic Archdiocese of Dublin",
            "description": "The Archdiocese of Dublin, is a Roman Catholic archdiocese in eastern Ireland centred around the republic's capital city – Dublin. Wikipedia",
            "type": ""
        },
        "Roman Catholic Diocese of Birmingham in Alabama": {
            "label": "Roman Catholic Diocese of Birmingham in Alabama",
            "description": "The Roman Catholic Diocese of Birmingham in Alabama is a particular church of the Latin Rite of the Roman Catholic Church that encompasses the northern 39 counties of the U.S. state of Alabama. Wikipedia",
            "type": "",
            "Address ": [
                "2121 3rd Ave N",
                " Birmingham",
                " AL 35203",
                " United States"
            ]
        },
        "Roman Catholic Diocese of Marquette": {
            "label": "Diocese of Marquette",
            "description": "",
            "type": "",
            "People also search for": []
        },
        "Episcopal Diocese of Northern Indiana": {
            "label": "Episcopal Diocese of Northern Indiana",
            "description": "The Episcopal Diocese of Northern Indiana, originally called the Episcopal Diocese of Michigan City, is the diocese of the Episcopal Church in the United States of America with jurisdiction over the northern one-third of Indiana. Wikipedia",
            "type": "Religious Jurisdiction"
        },
        "Episcopal Diocese of Eastern Michigan": {
            "label": "Episcopal Diocese of Eastern Michigan",
            "description": "The Episcopal Diocese of Eastern Michigan is the Episcopal diocese in the northern two-thirds of the eastern half of the Lower Peninsula of Michigan, not including the greater Detroit area, which is in the Episcopal Diocese of Michigan. Wikipedia",
            "type": "",
            "Address ": [
                "924 N Niagara St",
                " Saginaw",
                " MI 48602",
                " United States"
            ]
        },
        "Episcopal Diocese of West Missouri": {
            "label": "Episcopal Diocese of West Missouri",
            "description": "The Episcopal Diocese of West Missouri, is the diocese of the Episcopal Church in the United States of America with jurisdiction over western Missouri. Wikipedia",
            "type": "Religious Jurisdiction",
            "Address ": [
                "420 W 14th St",
                " Kansas City",
                " MO 64105",
                " United States"
            ]
        },
        "Episcopal Diocese of East Carolina": {
            "label": "The Episcopal Diocese of East Carolina",
            "description": "",
            "type": ""
        },
        "Roman Catholic Diocese of Broken Bay": {
            "label": "Roman Catholic Diocese of Broken Bay",
            "description": "The Roman Catholic Diocese of Broken Bay is a suffragan Latin Rite diocese of the Archdiocese of Sydney, covering the North Shore and Northern Beaches of greater metropolitan Sydney, and the Broken Bay ... Wikipedia",
            "type": "",
            "Area ": [
                "1",
                "067 sq miles (2",
                "763 km²)"
            ]
        },
        "Episcopal Diocese of Northern California": {
            "label": "Episcopal Diocese of Northern California",
            "description": "",
            "type": "",
            "People also search for": []
        },
        "Diocese of Niagara": {
            "label": "Diocese of Niagara",
            "description": "The Diocese of Niagara is one of thirty regional divisions in the Anglican Church of Canada. The see city of the diocese is Hamilton with the Bishop's seat being located at Christ's Church Cathedral on James Street North. Wikipedia",
            "type": "",
            "Address ": [
                "252 James N",
                " Hamilton",
                " ON L8R 2L3",
                " Canada"
            ]
        },
        "Diocese of Qu'Appelle": {
            "label": "Diocese of Qu'Appelle",
            "description": "The Diocese of Qu'Appelle in the Anglican Church of Canada lies in the southern third of the civil province of Saskatchewan and contains within its geographical boundaries some 50% of the province's population of one million. Wikipedia",
            "type": "",
            "Address ": [
                "1501 College Ave",
                " Regina",
                " SK",
                " Canada"
            ]
        },
        "Roman Catholic Diocese of Cork and Ross": {
            "label": "Roman Catholic Diocese of Cork and Ross",
            "description": "The Roman Catholic Diocese of Cork and Ross is a Roman Catholic diocese in southern Ireland. It is one of six suffragan dioceses in the ecclesiastical province of Cashel and is subject to the Archdiocese of Cashel and Emly. Wikipedia",
            "type": ""
        },
        "Roman Catholic Diocese of Bielsko–Żywiec": {
            "label": "Roman Catholic Diocese of Bielsko–Żywiec",
            "description": "The Roman Catholic Diocese of Bielsko–Żywiec is a diocese located in the cities of Bielsko and Żywiec in the Ecclesiastical province of Kraków in Poland. Wikipedia",
            "type": "",
            "Area ": [
                "1",
                "158 sq miles (3",
                "000 km²)"
            ]
        },
        "Roman Catholic Diocese of Waterford and Lismore": {
            "label": "Roman Catholic Diocese of Waterford and Lismore",
            "description": "The Diocese of Waterford and Lismore is a Roman Catholic diocese in southern Ireland. It is one of six suffragan dioceses in the ecclesiastical province of Cashel and is subject to the Archbishop of Cashel and Emly. Wikipedia",
            "type": ""
        },
        "Roman Catholic Diocese of Raphoe": {
            "label": "Roman Catholic Diocese of Raphoe",
            "description": "The Diocese of Raphoe is a Roman Catholic diocese in north-western Ireland. It is one of eight suffragan dioceses that are subject to the Metropolitan Archdiocese of Armagh. Wikipedia",
            "type": ""
        }
    },
    "summary": {
        "label": 45,
        "description": 45,
        "type": 45,
        "Founded ": 1,
        "Address ": 15,
        "People also search for": 6,
        "Area ": 14,
        "Tax ID ": 1,
        "Tax deductibility code ": 1
    },
    "infoboxless": [
        "Apostolic Prefecture of Battambang",
        "Roman Catholic Archdiocese of La Paz",
        "Roman Catholic Archdiocese of Nueva Pamplona",
        "Roman Catholic Archdiocese of Sucre",
        "Roman Catholic Diocese of Garagoa",
        "Roman Catholic Diocese of Catanduva",
        "Roman Catholic Diocese of Tabasco",
        "Roman Catholic Diocese of Yanzhou",
        "Roman Catholic Archdiocese of Rhodes",
        "Jaffna Diocese of the Church of South India",
        "Roman Catholic Archdiocese of Cuttack-Bhubaneswar",
        "Roman Catholic Diocese of Baie-Comeau",
        "Roman Catholic Diocese of Banjul",
        "Roman Catholic Diocese of Choluteca",
        "Roman Catholic Diocese of Coatzacoalcos",
        "Roman Catholic Diocese of Cuenca",
        "Roman Catholic Diocese of Lugazi",
        "Roman Catholic Diocese of Margarita",
        "Roman Catholic Diocese of Mariannhill",
        "Roman Catholic Diocese of Puntarenas",
        "Roman Catholic Diocese of Palayamkottai",
        "Roman Catholic Diocese of São Raimundo Nonato",
        "Roman Catholic Diocese of Umuahia",
        "Roman Catholic Diocese of Viedma",
        "Roman Catholic Diocese of Venado Tuerto",
        "Russian Orthodox Exarchate in Western Europe",
        "Roman Catholic Diocese of Toowoomba",
        "Anglican Diocese of Niassa",
        "Roman Catholic Diocese of Alcalá de Henares",
        "Roman Catholic Archdiocese of Monterrey",
        "Roman Catholic Diocese of Arua",
        "Roman Catholic Diocese of Chulucanas",
        "Roman Catholic Diocese of Purwokerto",
        "Roman Catholic Diocese of Saint-Jean-Longueuil",
        "Roman Catholic Diocese of Umzimkulu",
        "Roman Catholic Diocese of San Pedro",
        "Roman Catholic Diocese of Ziguinchor",
        "Roman Catholic Archdiocese of Benin City",
        "Roman Catholic Archdiocese of Passo Fundo",
        "Roman Catholic Diocese of Ciudad Real",
        "Roman Catholic Diocese of Mogadiscio",
        "Diocese of Sabah",
        "Roman Catholic Diocese of San Juan de la Maguana",
        "Diocese of Bendigo",
        "Diocese of Eastern Newfoundland and Labrador",
        "Diocese of Central Newfoundland",
        "Roman Catholicism in Thailand",
        "Roman Catholic Archdiocese of Saint Boniface",
        "Roman Catholic Diocese of Haarlem-Amsterdam",
        "Roman Catholic Diocese of Gliwice",
        "Roman Catholic Diocese of Legnica",
        "Diocese of Bjørgvin",
        "Roman Catholic Diocese of Garzón",
        "Diocese of Sør-Hålogaland",
        "Roman Catholic Diocese of Paranavaí"
    ]
}