{
    "instances": {
        "John Sealy Hospital": {
            "label": "John Sealy Hospital",
            "description": "John Sealy Hospital is a hospital that is a part of the University of Texas Medical Branch complex in Galveston, Texas, United States. Wikipedia",
            "type": "",
            "Address ": [
                "803 Market St.",
                " Galveston",
                " Texas",
                " 77550"
            ]
        },
        "Hadassah Medical Center": {
            "label": "Hadassah Medical Center",
            "description": "Hadassah Medical Center is a medical organization that operates two university hospitals at Ein Kerem and Mount Scopus in Jerusalem, Israel, as well as schools of medicine, dentistry, nursing, and ... Wikipedia",
            "type": "",
            "People also search for": []
        },
        "Hospital Sant Joan de Déu Barcelona": {
            "label": "Hospital Sant Joan de Déu Barcelona",
            "description": "Hospital Sant Joan de Déu Barcelona is a teaching hospital specializing in the fields of pediatrics, gynecology and obstetrics. It is located on Passeig Sant Joan de Déu in Esplugues de Llobregat, a municipality bordering Barcelona, Catalonia. Wikipedia",
            "type": "Hospital in Barcelona, Spain",
            "Address ": "Passeig de Sant Joan de Déu, 2, 08950 Esplugues de Llobregat, Barcelona, Barcelona, Spain",
            "Opened ": [
                "1867"
            ],
            "Phone ": [
                "+34 932 53 21 00"
            ],
            "Function ": [
                "Hospital"
            ],
            "Founded ": [
                "1867",
                " Barcelona",
                " Spain"
            ],
            "People also search for": []
        },
        "Nahariya Hospital for the Western Galilee": {
            "label": "Nahariya Hospital for the Western Galilee",
            "description": "The Western Galilee Hospital is a hospital located in the coastal city of Nahariya and is the second largest hospital in northern Israel. It was established in 1956. Wikipedia",
            "type": "",
            "Address ": [
                "Nahariya",
                " Israel"
            ],
            "People also search for": []
        },
        "Hôtel-Dieu de Paris": {
            "label": "Hôtel-Dieu de Paris",
            "description": "The Hôtel-Dieu de Paris is regarded as the oldest hospital in the city of Paris, France, and is the most central of the Assistance publique - hôpitaux de Paris hospitals. The hospital is linked to the Faculté de Médecine Paris-Descartes. Wikipedia",
            "type": "Hospital",
            "Address ": [
                "1 Parvis Notre-Dame - Place Jean-Paul II",
                " 75004 Paris",
                " France"
            ],
            "Hours ": [
                "+33 1 42 34 82 34"
            ],
            "People also search for": []
        },
        "Necker-Enfants Malades Hospital": {
            "label": "Necker-Enfants Malades Hospital",
            "description": "The Hôpital Necker – Enfants Malades is a French teaching hospital, located in Paris, France. It is a hospital of the Assistance publique - Hôpitaux de Paris group, and is affiliated to the University of Paris Descartes. Wikipedia",
            "type": "",
            "Address ": [
                "149 Rue de Sèvres",
                " 75015 Paris",
                " France"
            ],
            "Founder ": [
                "Suzanne Curchod"
            ]
        },
        "Philippine General Hospital": {
            "label": "Philippine General Hospital",
            "description": "The Philippine General Hospital is a tertiary state-owned hospital administered and operated by the University of the Philippines Manila, the University of the Philippines System's Health Sciences Center. Wikipedia",
            "type": "",
            "Address ": [
                "Taft avenue",
                "Ermita",
                "Manila 1000",
                "Metro Manila",
                " Philippines"
            ],
            "Phone ": [
                "+63 2 554 8400"
            ],
            "People also search for": []
        },
        "Pitié-Salpêtrière Hospital": {
            "label": "Pitié-Salpêtrière Hospital",
            "description": "The Pitié-Salpêtrière Hospital is a celebrated teaching hospital in Paris. Part of the Assistance publique - Hôpitaux de Paris, it is one of Europe's largest hospitals. Wikipedia",
            "type": "",
            "Address ": [
                "47-83 Boulevard de l'Hôpital",
                " 75013 Paris",
                " France"
            ],
            "Opened ": [
                "1670"
            ],
            "Phone ": [
                "+33 1 42 16 00 00"
            ],
            "Architect ": [
                "Libéral Bruant"
            ],
            "People also search for": []
        },
        "Sahlgrenska University Hospital": {
            "label": "Sahlgrenska University Hospital",
            "description": "The Sahlgrenska University Hospital is a system of hospitals associated with the Sahlgrenska Academy at the University of Gothenburg, Gothenburg, Sweden. Wikipedia",
            "type": "Hospital in Sweden",
            "Address ": [
                "Per Dubbsgatan 15",
                " 413 45 Göteborg",
                " Sweden"
            ],
            "Opened ": [
                "1997"
            ],
            "Function ": [
                "Hospital"
            ],
            "Phone ": [
                "+46 31 342 10 00"
            ],
            "People also search for": []
        },
        "Ullevål University Hospital": {
            "label": "Ullevål University Hospital",
            "description": "Ullevaal University Hospital in Oslo, Norway was opened in 1887. From January 1, 2009, the hospital is one of the four main campuses of the Oslo University Hospital. Wikipedia",
            "type": "",
            "Address ": "Kirkeveien 166, 0450 Oslo, Norway",
            "Opened ": [
                "1887"
            ],
            "Hours ": [
                "+47 915 02 770"
            ],
            "People also search for": []
        },
        "Forsyth Medical Center": {
            "label": "Forsyth Medical Center",
            "description": "Novant Health Forsyth Medical Center is a 921-bed, not-for-profit, regional medical center in Winston-Salem, North Carolina, that offers a full range of medical, surgical, rehabilitative and behavioral health services. Wikipedia",
            "type": "",
            "Address ": [
                "3333 Silas Creek Pkwy",
                " Winston-Salem",
                " NC 27103",
                " United States"
            ],
            "Opened ": [
                "1964"
            ],
            "Phone ": [
                "(336) 718-5000"
            ],
            "People also search for": []
        },
        "Bangkok Christian Hospital": {
            "label": "Bangkok Christian Hospital",
            "description": "The Bangkok Christian Hospital is one of the oldest general hospitals in Bangkok, Thailand. Situated on Silom Road, Bangrak District. Wikipedia",
            "type": "",
            "Address ": [
                "124 Silom Rd",
                " Bangkok 10500",
                " Thailand"
            ]
        },
        "St. Luke's Hospital (New Bedford, Massachusetts)": {
            "label": "St. Luke's Hospital",
            "description": "St. Luke's Hospital is a Massachusetts hospital located at 101 Page Street in New Bedford, Massachusetts. Wikipedia",
            "type": "New Bedford, Massachusetts",
            "Address ": [
                "101 Page St",
                " New Bedford",
                " MA 02740",
                " United States"
            ],
            "Phone ": [
                "(508) 997-1515"
            ],
            "People also search for": []
        },
        "Akershus University Hospital": {
            "label": "Akershus University Hospital",
            "description": "The Akershus University Hospital is a Norwegian public university hospital located in the Lørenskog municipality, in the county of Akershus, east of the Norwegian capital Oslo. Wikipedia",
            "type": "",
            "Address ": "Sykehusveien 25, 1478 Lørenskog, Norway",
            "Phone ": [
                "+47 915 02 900"
            ],
            "People also search for": []
        },
        "Cirque Lodge": {
            "label": "Cirque Lodge",
            "description": "Cirque Lodge is a for-profit addiction facility located in Orem, Utah founded in 1999 by Richard Losee. In 2002, Cirque Lodge opened a second facility in Orem, Utah in a former television studio. Wikipedia",
            "type": "",
            "Founder ": [
                "Richard Losee"
            ],
            "Founded ": [
                "1999",
                " Sundance Resort",
                " Utah",
                " United States"
            ],
            "Recent posts": []
        },
        "Bangkok Hospital": {
            "label": "Bangkok Hospital",
            "description": "Bangkok Hospital is a hospital located in Bangkok, Thailand. It was opened in 1972 by a team of doctors, pharmacists and 30 nurses. Wikipedia",
            "type": "",
            "Address ": [
                "2 Soi Soonvijai 7",
                " New Petchburi road",
                " Bangkapi",
                " Huay Khwang",
                " 10310",
                " Thailand"
            ],
            "Phone ": [
                "+66 2 310 3000"
            ],
            "People also search for": []
        },
        "Auburn Hospital": {
            "label": "Auburn Hospital",
            "description": "Auburn Hospital is a 155-bed hospital in Auburn, which is in the western suburbs of Sydney, Australia. Wikipedia",
            "type": "",
            "Address ": [
                "Hargrave Rd",
                " Auburn NSW 2144",
                " Australia"
            ],
            "Phone ": [
                "+61 2 8759 3000"
            ],
            "People also search for": []
        },
        "Beaumont Hospital, Dublin": {
            "label": "Beaumont Hospital, Dublin",
            "description": "Beaumont Hospital, is a public voluntary hospital located in Beaumont, Dublin, Ireland. It is the second largest hospital in the Republic of Ireland. Wikipedia",
            "type": "",
            "Address ": [
                "Beaumont Rd",
                " Beaumont",
                " Dublin 9",
                " Ireland"
            ],
            "Phone ": [
                "+353 1 809 3000"
            ]
        },
        "Bedford Hospital": {
            "label": "Gilbert Hitchcock House Bedford Hospital North Wing",
            "description": "",
            "type": "",
            "See results about": []
        },
        "St Thomas' Hospital": {
            "label": "St Thomas' Hospital",
            "description": "St Thomas' Hospital is a large NHS teaching hospital in Central London. Administratively part of the Guy's and St Thomas' NHS Foundation Trust, together with Guy's Hospital and King's College Hospital ... Wikipedia",
            "type": "",
            "Address ": [
                "Westminster Bridge Rd",
                " London SE1 7EH",
                " United Kingdom"
            ],
            "Phone ": [
                "+44 20 7188 7188"
            ],
            "Founder ": [
                "Florence Nightingale"
            ],
            "See results about": []
        },
        "Bellevue Hospital Center": {
            "label": "Bellevue Hospital Center",
            "description": "Bellevue Hospital Center, most often referred to as \"Bellevue\", was founded on March 31, 1736 and is the oldest public hospital in the United States. Wikipedia",
            "type": "",
            "Address ": [
                "462 1st Ave",
                " New York",
                " NY 10016",
                " United States"
            ],
            "Phone ": [
                "(212) 562-4141"
            ]
        },
        "Berufsgenossenschaftliche Kliniken Bergmannstrost Halle": {
            "label": "Berufsgenossenschaftliche Kliniken Bergmannstrost Halle",
            "description": "The Berufsgenossenschaftliche Kliniken Bergmannstrost Halle is the teaching hospital facility of University of Halle-Wittenberg, located in Halle, Saxony-Anhalt. Wikipedia",
            "type": "",
            "Address ": "Merseburger Straße 165, 06112 Halle (Saale), Germany"
        },
        "Boston Children's Hospital": {
            "label": "Boston Children's Hospital",
            "description": "Boston Children's Hospital is a 395-licensed-bed children's hospital in the Longwood Medical and Academic Area of Boston, Massachusetts. Wikipedia",
            "type": "",
            "Address ": [
                "300 Longwood Ave",
                " Boston",
                " MA 02115",
                " United States"
            ],
            "Phone ": [
                "(617) 355-6000"
            ],
            "Recent posts": []
        },
        "Changi General Hospital": {
            "label": "Changi General Hospital",
            "description": "Changi General Hospital is a 790-bed hospital located in Simei, eastern Singapore. It is Singapore's first purpose-built general hospital to serve communities in the east and north-east regions. Wikipedia",
            "type": "",
            "Address ": [
                "2 Simei Street 3",
                " Singapore 529889"
            ],
            "Phone ": [
                "+65 6788 8833"
            ]
        },
        "Centre hospitalier de l'Université de Montréal": {
            "label": "Centre hospitalier de l'Université de Montréal",
            "description": "The Centre hospitalier de l'Université de Montréal is one of two major healthcare networks in the city of Montreal, Quebec. It is a teaching institution affiliated with the French-language Université de Montréal. Wikipedia",
            "type": "Hospital",
            "Address ": [
                "Montreal",
                " QC",
                " Canada"
            ],
            "People also search for": []
        },
        "Children's Hospital Colorado": {
            "label": "Children's Hospital of Denver",
            "description": "Children’s Hospital Colorado is a nonprofit hospital for children located on the Anschutz Medical Campus near the interchange of I-225 and Colfax Avenue in Aurora. Wikipedia",
            "type": "",
            "Address ": [
                "13123 E 16th Ave",
                " Aurora",
                " CO 80045",
                " United States"
            ],
            "Opened ": "February 17, 1910",
            "Phone ": [
                "(720) 777-1234"
            ],
            "People also search for": []
        },
        "Cooper University Hospital": {
            "label": "Cooper University Hospital",
            "description": "Cooper University Hospital is a provider of health services, medical education, and clinical research in southern New Jersey and the Delaware Valley, in the United States. Wikipedia",
            "type": "",
            "Address ": [
                "1 Cooper Plaza",
                " Camden",
                " NJ 08103",
                " United States"
            ],
            "Opened ": [
                "August 1887"
            ],
            "Hours ": [
                "(856) 342-2000"
            ],
            "People also search for": []
        },
        "Doncaster Royal Infirmary": {
            "label": "Doncaster Royal Infirmary",
            "description": "Doncaster Royal Infirmary is a district general hospital of 800 beds, located in Doncaster, South Yorkshire, England. Each year the hospital treats around 150,000 patients along with 95,500 A&E patients. Wikipedia",
            "type": "Hospital",
            "Address ": [
                "Armthorpe Rd",
                " Doncaster",
                " South Yorkshire DN2 5LT",
                " United Kingdom"
            ],
            "Phone ": [
                "+44 1302 366666"
            ],
            "People also search for": []
        },
        "Dartmouth–Hitchcock Medical Center": {
            "label": "Dartmouth Hitchcock Medical Center",
            "description": "",
            "type": "",
            "People also search for": []
        },
        "Evelina Children's Hospital": {
            "label": "Evelina London Children's Hospital",
            "description": "Evelina London Children's Hospital is a specialist NHS hospital in London. It is administratively a part of Guy's and St Thomas' NHS Foundation Trust and provides teaching hospital facilities for King's College London School of Medicine. Wikipedia",
            "type": "",
            "Address ": [
                "St Thomas's Hospital",
                " Westminster Bridge Rd",
                " London SE1 7EH",
                " United Kingdom"
            ],
            "Phone ": [
                "+44 20 7188 7188"
            ],
            "People also search for": []
        },
        "El Camino Hospital": {
            "label": "El Camino Hospital",
            "description": "El Camino Hospital is a 395-bed hospital based in Mountain View, California.\nLocated on a 41-acre campus in the heart of Silicon Valley, El Camino Hospital serves residents in the El Camino Hospital ... Wikipedia",
            "type": "",
            "Address ": [
                "2500 Grant Rd",
                " Mountain View",
                " CA 94040",
                " United States"
            ],
            "Hours ": [
                "(650) 940-7000"
            ],
            "People also search for": []
        },
        "Fairview Training Center": {
            "label": "Fairview Training Center",
            "description": "The Fairview Training Center was a state-run facility for people with developmental disabilities in Salem, Oregon, United States. Fairview was established in 1907 as the State Institution for the Feeble-Minded. Wikipedia",
            "type": "",
            "Opened ": [
                "1908"
            ]
        },
        "Great Western Hospital": {
            "label": "The Great Western Hospital",
            "description": "",
            "type": "",
            "People also search for": []
        },
        "Gold Coast Hospital": {
            "label": "Gold Coast Hospital",
            "description": "Gold Coast Hospital, located on the Gold Coast, Queensland was a major teaching and referral hospital and the third largest in Queensland. The Gold Coast Hospital had one of the busiest emergency departments in the state. Wikipedia",
            "type": "",
            "Address ": [
                "1 Hospital Blvd",
                " Southport QLD 4215",
                " Australia"
            ],
            "Phone ": [
                "+61 7 5519 8211"
            ]
        },
        "Greifswald University Hospital": {
            "label": "Greifswald University Hospital",
            "description": "Greifswald University Hospital in Greifswald, Germany is a teaching hospital for the University of Greifswald's medical school. Wikipedia",
            "type": "",
            "Address ": "Fleischmannstraße 8, 17489 Greifswald, Germany",
            "Phone ": [
                "+49 3834 860"
            ],
            "People also search for": []
        },
        "Health Sciences North": {
            "label": "Health Sciences North",
            "description": "Health Sciences North is a hospital located on 41 Ramsey Lake Road in the city of Sudbury, Ontario, Canada. It is the only trauma centre in Northern Ontario and Manitoba. Wikipedia",
            "type": "Hospital",
            "Address ": [
                "41 Ramsey Lake Rd",
                " Sudbury",
                " ON P3E 5J1",
                " Canada"
            ],
            "Hours ": [
                "+1 705-523-7100"
            ],
            "Phone ": [
                "Ontario"
            ],
            "People also search for": []
        },
        "Guy's Hospital": {
            "label": "St Thomas' Hospital",
            "description": "St Thomas' Hospital is a large NHS teaching hospital in Central London. Administratively part of the Guy's and St Thomas' NHS Foundation Trust, together with Guy's Hospital and King's College Hospital ... Wikipedia",
            "type": "",
            "Address ": [
                "Westminster Bridge Rd",
                " London SE1 7EH",
                " United Kingdom"
            ],
            "Phone ": [
                "+44 20 7188 7188"
            ],
            "Founder ": [
                "Florence Nightingale"
            ],
            "See results about": []
        },
        "Hornsby Ku-ring-gai Hospital": {
            "label": "Hornsby Ku-ring-gai Hospital",
            "description": "Hornsby Ku-ring-gai Hospital is a hospital in Sydney, Australia, located on Palmerston Road in Hornsby. It is a teaching hospital of the University of Sydney. Wikipedia",
            "type": "",
            "Address ": [
                "Palmerston Rd",
                " Hornsby NSW 2077",
                " Australia"
            ],
            "Phone ": [
                "+61 2 9477 9123"
            ],
            "People also search for": []
        },
        "Hospital Santo Tomas": {
            "label": "Hospital Santo Tomas",
            "description": "Hospital Santo Tomás, is the largest Public hospital that the Panamanian Health Ministry has. Its long history goes as far as 1703. Wikipedia",
            "type": "",
            "Address ": [
                "Calle 37 Este",
                " Ciudad de Panamá",
                " Panama"
            ],
            "People also search for": []
        },
        "Hospital for Sick Children": {
            "label": "The Hospital for Sick Children",
            "description": "The Hospital for Sick Children, also known as SickKids Hospital, is a major paediatric centre for the Greater Toronto Area, serving patients up to age 18. Wikipedia",
            "type": "",
            "Address ": [
                "555 University Ave",
                " Toronto",
                " ON M5G 1X8",
                " Canada"
            ],
            "Opened ": [
                "1875"
            ],
            "Official name ": [
                "The Hospital for Sick Children"
            ],
            "Phone ": [
                "+1 416-813-1500"
            ],
            "Hours ": [
                "Elizabeth McMaster"
            ],
            "Founder ": [
                "Eberhard Zeidler"
            ],
            "People also search for": []
        },
        "Huntsman Cancer Institute": {
            "label": "Huntsman Cancer Institute",
            "description": "Huntsman Cancer Institute is an NCI-designated cancer research facility and hospital located on the campus of the University of Utah in Salt Lake City, Utah. Wikipedia",
            "type": "Cancer Center",
            "Address ": [
                "2000 Circle of Hope Dr",
                " Salt Lake City",
                " UT 84112",
                " United States"
            ],
            "Founder ": [
                "Jon Huntsman",
                " Sr."
            ]
        },
        "Kelsey-Seybold Clinic": {
            "label": "Kelsey-Seybold Clinic",
            "description": "The Kelsey-Seybold Clinic is a large multi-specialty clinic system located in Greater Houston with its administrative headquarters in Shadow Creek Ranch, Pearland. Wikipedia",
            "type": "",
            "Address ": [
                "2755 W Lake Houston Pkwy",
                " Kingwood",
                " TX 77339",
                " United States"
            ],
            "Recent posts": []
        },
        "Knowle Hospital": {
            "label": "Knowle Hospital",
            "description": "The Hampshire County Lunatic Asylum, later Knowle Mental Hospital and Knowle Hospital, was a psychiatric hospital in the village of Knowle near the town of Fareham in Hampshire, southern England, opened in 1852 and closed in 1996. Wikipedia",
            "type": "",
            "Address ": [
                "Knowle",
                " Hampshire",
                " United Kingdom"
            ],
            "People also search for": []
        },
        "Los Angeles County+USC Medical Center": {
            "label": "LAC+USC Medical Center",
            "description": "Los Angeles County+USC Medical Center, also known as County/USC, by the abbreviation LAC+USC, or by the name Los Angeles County General, is a 600-bed public teaching hospital located on 1200 N State ... Wikipedia",
            "type": "",
            "Address ": [
                "1983 Marengo St",
                " Los Angeles",
                " CA 90033",
                " United States"
            ],
            "Phone ": [
                "(323) 226-2622"
            ]
        },
        "Markham Stouffville Hospital": {
            "label": "Markham Stouffville Hospital",
            "description": "Markham Stouffville Hospital is an acute care and community hospital serving south-east York Region. The hospital is located on Ninth Line north of Highway 7 in east-end Markham, Ontario, immediately south of the town of Whitchurch–Stouffville. Wikipedia",
            "type": "",
            "Address ": [
                "381 Church St",
                " Markham",
                " ON L3P 7P3",
                " Canada"
            ],
            "Opened ": [
                "1990"
            ],
            "Phone ": [
                "+1 905-472-7000"
            ],
            "Province ": [
                "Ontario"
            ],
            "People also search for": []
        },
        "Meyer Children's Hospital": {
            "label": "Meyer Children's Hospital",
            "description": "The Meyer Children Hospital is a pediatric hospital located in Florence, Italy.\nThe hospital is an official member of the European Network of Health Promoting Hospitals of the World Health Organization ... Wikipedia",
            "type": "",
            "Address ": "Viale Gaetano Pieraccini, 24, 50141 Firenze, Italy",
            "Phone ": [
                "+39 055 56621"
            ],
            "People also search for": []
        },
        "Monklands Hospital": {
            "label": "Monklands Hospital",
            "description": "Monklands District General Hospital, is a district general hospital in Airdrie, North Lanarkshire, Scotland. Administered by NHS Lanarkshire, it serves a population of approximately 260,000 people of North and South Lanarkshire council areas. Wikipedia",
            "type": "",
            "Address ": [
                "Monkscourt Ave",
                " Airdrie",
                " North Lanarkshire ML6 0JS",
                " United Kingdom"
            ],
            "Opened ": [
                "1977"
            ],
            "Phone ": [
                "+44 1236 748748"
            ],
            "People also search for": []
        },
        "Montfort Hospital": {
            "label": "Montfort Hospital",
            "description": "The Montfort Hospital is a francophone hospital in Ottawa, Canada offering bilingual medical care to patients in the National Capital Region. Wikipedia",
            "type": "",
            "Address ": [
                "713 Montreal Road",
                " Ottawa",
                " ON K1K 0T2",
                " Canada"
            ],
            "Phone ": [
                "+1 613-746-4621"
            ]
        },
        "Mount Sinai Hospital, Toronto": {
            "label": "Mount Sinai Hospital, Toronto",
            "description": "Mount Sinai Hospital is a hospital in Toronto, Ontario, Canada. Although it is physically linked by bridges and tunnels to three University Health Network hospitals, Mount Sinai is an independently operated facility. Wikipedia",
            "type": "",
            "Address ": [
                "600 University Ave",
                " Toronto",
                " ON M5G 1X5",
                " Canada"
            ],
            "Phone ": [
                "+1 416-596-4200"
            ]
        },
        "Musgrave Park Hospital": {
            "label": "Musgrave Park Hospital",
            "description": "Musgrave Park Hospital is a regional specialist hospital, managed by Belfast Health and Social Care Trust in Belfast, Northern Ireland. It specialises in orthopaedics, rheumatology, sports medicine and rehabilitation of patients of all ages. Wikipedia",
            "type": "Military hospital in Republic of Ireland",
            "Address ": [
                "Stockman's La",
                " Belfast BT9 7JB",
                " United Kingdom"
            ],
            "Phone ": [
                "+44 28 9090 2000"
            ],
            "Function ": [
                "Military hospital"
            ],
            "People also search for": []
        },
        "National Hospital for Neurology and Neurosurgery": {
            "label": "National Hospital for Neurology and Neurosurgery",
            "description": "The National Hospital for Neurology and Neurosurgery is a neurological hospital in London, United Kingdom and part of the University College London Hospitals NHS Foundation Trust. Wikipedia",
            "type": "",
            "Address ": [
                "33 Queen Square",
                " London WC1N 3BG",
                " United Kingdom"
            ],
            "Phone ": [
                "+44 845 155 5000"
            ],
            "People also search for": []
        },
        "National University Hospital": {
            "label": "National University Hospital",
            "description": "The National University Hospital was established in 1985 and it serves as a tertiary hospital, clinical training centre and research centre for the medical and dental faculties of the National University of Singapore. Wikipedia",
            "type": "",
            "Address ": [
                "5 Lower Kent Ridge Rd",
                " Singapore 119074"
            ],
            "Phone ": [
                "+65 6779 5555"
            ],
            "See results about": []
        },
        "Northwick Park Hospital": {
            "label": "Northwick Park Hospital",
            "description": "Northwick Park Hospital is a large hospital in Greater London, England.It is located in the northwest corner of the London Borough of Brent, near the boundary with the London Borough of Harrow. Wikipedia",
            "type": "",
            "Address ": [
                "Watford Rd",
                " Harrow",
                " Middlesex HA1 3UJ",
                " United Kingdom"
            ],
            "Phone ": [
                "+44 20 8864 3232"
            ]
        },
        "Monroe Carell Jr. Children's Hospital at Vanderbilt": {
            "label": "Monroe Carell Jr. Children's Hospital at Vanderbilt",
            "description": "The Monroe Carell Jr. Children's Hospital at Vanderbilt, also known as Vanderbilt Children's Hospital, is a children's hospital affiliated with Vanderbilt University Medical Center in Nashville, Tennessee. Wikipedia",
            "type": "",
            "Address ": [
                "2200 Children's Way",
                " Nashville",
                " TN 37232",
                " United States"
            ],
            "Phone ": [
                "(615) 936-1000"
            ],
            "Recent posts": []
        },
        "Northwestern Memorial Hospital": {
            "label": "Northwestern Memorial Hospital",
            "description": "Northwestern Memorial Hospital is a nationally-ranked academic medical center hospital located in downtown Chicago, Illinois. It is the primary teaching hospital for Northwestern University's Feinberg School of Medicine. Wikipedia",
            "type": "",
            "Address ": [
                "251 E Huron St",
                " Chicago",
                " IL 60611",
                " United States"
            ],
            "Phone ": [
                "(312) 926-2000"
            ],
            "CEO ": [
                "Dean M. Harrison"
            ],
            "Awards ": [
                "Telly Award for Non-Broadcast Productions Film/Video - Employee Communications"
            ],
            "People also search for": []
        },
        "Perth Royal Infirmary": {
            "label": "Perth Royal Infirmary",
            "description": "Perth Royal Infirmary is a district hospital in Perth. The Royal Infirmary, administered by NHS Tayside, caters for both the city and wider Perth & Kinross area, with a population around 182 000, being served by the hospital. Wikipedia",
            "type": "Hospital",
            "Address ": [
                "Taymount Terrace",
                " Perth",
                " Perth and Kinross PH1 1NX",
                " United Kingdom"
            ],
            "Phone ": [
                "+44 1738 623311"
            ],
            "People also search for": []
        },
        "Prince of Wales Hospital, Sydney": {
            "label": "Prince of Wales Hospital, Sydney",
            "description": "The Prince of Wales Hospital is a major public teaching hospital located in Sydney's eastern suburb of Randwick, providing a full range of hospital services to the people of New South Wales, Australia. Wikipedia",
            "type": "",
            "Address ": [
                "Barker St",
                " Randwick NSW 2031",
                " Australia"
            ],
            "Phone ": [
                "+61 2 9650 4000"
            ],
            "People also search for": []
        },
        "Penn Presbyterian Medical Center": {
            "label": "Penn Presbyterian Medical Center",
            "description": "Penn Presbyterian Medical Center is a hospital located in the University City section of West Philadelphia. It is located between Market Street and Powelton Avenue, and N. 38 Street and N. Sloan Street. Wikipedia",
            "type": "",
            "Address ": [
                "51 N 39th St",
                " Philadelphia",
                " PA 19104",
                " United States"
            ],
            "Hours ": [
                "(215) 662-8000"
            ]
        },
        "Royal Alexandra Hospital for Children": {
            "label": "Royal Alexandra Hospital for Children",
            "description": "The Royal Alexandra Hospital for Children is a children's hospital in Sydney, Australia. The Hospital was founded in 1880 as \"The Sydney Hospital for Sick Children\". Wikipedia",
            "type": "",
            "Address ": [
                "Hawkesbury Rd & Hainsworth St",
                " Westmead",
                "Sydney NSW",
                " Australia"
            ],
            "Phone ": [
                "+61 2 9845 0000"
            ],
            "See results about": []
        },
        "Queen Elizabeth Hospital Birmingham": {
            "label": "Queen Elizabeth Hospital Birmingham",
            "description": "The Queen Elizabeth Hospital Birmingham is an NHS hospital in the Edgbaston area of Birmingham, situated very close to the University of Birmingham. Wikipedia",
            "type": "",
            "Address ": [
                "Queen Elizabeth Medical Centre",
                " Birmingham B15 2TH",
                " United Kingdom"
            ],
            "Opened ": "June 16, 2010",
            "Height ": [
                "207' (63 m)"
            ],
            "Phone ": [
                "+44 121 627 2000"
            ],
            "Architectural style ": [
                "Modern architecture"
            ],
            "Architects ": [
                "Thomas Arthur Lodge",
                " Henry Vaughan Lanchester"
            ],
            "People also search for": []
        },
        "Royal Columbian Hospital": {
            "label": "Royal Columbian Hospital",
            "description": "The Royal Columbian Hospital is the oldest hospital in the Canadian province of British Columbia and one of the busiest in the Fraser Health Authority. Wikipedia",
            "type": "",
            "Address ": [
                "330 E Columbia St",
                " New Westminster",
                " BC V3L 3W7",
                " Canada"
            ]
        },
        "Royal Free Hospital": {
            "label": "Royal Free Hospital",
            "description": "The Royal Free Hospital is a major teaching hospital in Hampstead, London.\nIt was rated 'excellent' for quality of services and 'good' for quality of financial management by the Healthcare Commission in 2009. Wikipedia",
            "type": "",
            "Address ": [
                "Pond St",
                " London NW3 2QG",
                " United Kingdom"
            ],
            "Opened ": [
                "1828"
            ],
            "Phone ": [
                "+44 20 7794 0500"
            ],
            "People also search for": []
        },
        "Royal Melbourne Hospital": {
            "label": "Royal Melbourne Hospital",
            "description": "The Royal Melbourne Hospital, located in Parkville, Victoria an inner suburb of Melbourne is one of Australia’s leading public hospitals. It is a major teaching hospital for tertiary health care with a reputation in clinical research. Wikipedia",
            "type": "",
            "Address ": [
                "300 Grattan St",
                " Parkville VIC 3050",
                " Australia"
            ],
            "Hours ": [
                "+61 3 9342 7000"
            ]
        },
        "Sequoia Hospital": {
            "label": "Sequoia Hospital",
            "description": "Sequoia Hospital is a hospital in Redwood City, California, USA. It is operated by Dignity Health. Wikipedia",
            "type": "",
            "Address ": [
                "170 Alameda De Las Pulgas",
                " Redwood City",
                " CA 94062",
                " United States"
            ],
            "Hours ": [
                "(650) 369-5811"
            ]
        },
        "St. Rose Dominican Hospital – Rose de Lima Campus": {
            "label": "St. Rose Dominican Hospital – Rose de Lima Campus",
            "description": "St. Rose Dominican Hospitals - Rose de Lima Campus is a 220,000-square-foot, 145-bed hospital owned and operated by Dignity Health that is located in Henderson, Nevada. Wikipedia",
            "type": "",
            "Address ": [
                "102 Lake Mead Pkwy",
                " Henderson",
                " NV 89015",
                " United States"
            ],
            "Phone ": [
                "(702) 564-2622"
            ],
            "People also search for": []
        },
        "Shady Grove Adventist Hospital": {
            "label": "Shady Grove Adventist Hospital",
            "description": "Shady Grove Adventist Hospital is a 313-licensed bed acute care facility located in Rockville, Maryland. Despite its name, it is not located in Shady Grove, Maryland. Wikipedia",
            "type": "",
            "Address ": [
                "9901 Medical Center Dr",
                " Rockville",
                " MD 20850",
                " United States"
            ],
            "Phone ": [
                "(240) 826-6000"
            ]
        },
        "Saint John's Health Center": {
            "label": "Saint John's Health Center",
            "description": "Saint John's Health Center is a private not-for-profit, Roman Catholic hospital in Santa Monica, California, United States. The hospital was founded in 1942 by the Sisters of Charity of Leavenworth. Wikipedia",
            "type": "Hospital",
            "Address ": [
                "2121 Santa Monica Blvd",
                " Santa Monica",
                " CA 90404",
                " United States"
            ],
            "Phone ": [
                "(310) 829-5511"
            ],
            "People also search for": []
        },
        "Saint Vincent's Catholic Medical Center": {
            "label": "Saint Vincent's Catholic Medical Center",
            "description": "Saint Vincent Catholic Medical Centers was a healthcare system, anchored by its flagship hospital, St. Vincent's Hospital Manhattan, locally referred to as \"St. Vincent's\". Wikipedia",
            "type": ""
        },
        "St George's Hospital": {
            "label": "St George's Hospital",
            "description": "Founded in 1733, St George’s Hospital is one of the UK's largest teaching hospitals. It shares its main hospital site in Tooting in the London Borough of Wandsworth, with the St George's, University ... Wikipedia",
            "type": "",
            "Address ": [
                "Blackshaw Rd",
                " London SW17 0QT",
                " United Kingdom"
            ],
            "Phone ": [
                "+44 20 8672 1255"
            ],
            "CEO ": [
                "Miles Scott"
            ],
            "See results about": []
        },
        "St James's University Hospital": {
            "label": "St James's University Hospital",
            "description": "St. James's University Hospital is in Leeds, West Yorkshire, England and is popularly known as Jimmy's being one of the United Kingdom's most famous hospitals. Wikipedia",
            "type": "",
            "Address ": [
                "Beckett St",
                " Leeds",
                " West Yorkshire LS9 7TF",
                " United Kingdom"
            ],
            "Phone ": [
                "+44 113 243 3144"
            ]
        },
        "Stanford University Medical Center": {
            "label": "Stanford School of Medicine",
            "description": "",
            "type": ""
        },
        "Strong Memorial Hospital": {
            "label": "Strong Memorial Hospital",
            "description": "",
            "type": "",
            "See results about": []
        },
        "St Bartholomew's Hospital": {
            "label": "St Bartholomew's Hospital",
            "description": "St Bartholomew's Hospital, also known simply as Barts, or more formally as The Royal Hospital of St Bartholomew is a hospital in Smithfield in the City of London. Wikipedia",
            "type": "",
            "Address ": [
                "W Smithfield",
                " London EC1A 7BE",
                " United Kingdom"
            ],
            "Phone ": [
                "+44 20 7377 7000"
            ],
            "Founder ": [
                "Rahere"
            ]
        },
        "Sydney Hospital": {
            "label": "Sydney Hospital",
            "description": "Sydney Hospital is a major hospital in Sydney, Australia, located on Macquarie Street in the Sydney central business district. It is the oldest hospital in Australia, dating back to 1788, and has been at its current location since 1811. Wikipedia",
            "type": "",
            "Address ": [
                "8 Macquarie St",
                " Sydney NSW 2000",
                " Australia"
            ],
            "Hours ": [
                "+61 2 9382 7111"
            ],
            "Phone ": [
                "Thomas Rowe"
            ],
            "People also search for": []
        },
        "Sydney Adventist Hospital": {
            "label": "Sydney Adventist Hospital",
            "description": "Sydney Adventist Hospital, commonly known as the San, is a large private hospital in Sydney, Australia, located on Fox Valley Road in Wahroonga. Wikipedia",
            "type": "",
            "Address ": [
                "185 Fox Valley Rd",
                " Wahroonga NSW 2076",
                " Australia"
            ],
            "Phone ": [
                "+61 2 9487 9111"
            ]
        },
        "Tan Tock Seng Hospital": {
            "label": "Tan Tock Seng Hospital",
            "description": "The Tan Tock Seng Hospital is the third-largest hospital in Singapore after the Institute of Mental Health and Singapore General Hospital, but its accident and emergency department is the busiest in ... Wikipedia",
            "type": "",
            "Address ": [
                "Singapore"
            ],
            "Phone ": [
                "+65 6256 6011"
            ]
        },
        "The Ottawa Hospital": {
            "label": "The Ottawa Hospital",
            "description": "The Ottawa Hospital, or L'Hôpital d'Ottawa, is a non-profit, public university teaching hospital in Ottawa, Canada. The hospital is made up of the former Grace Hospital, Riverside Hospital, Ottawa General Hospital and Ottawa Civic Hospital. Wikipedia",
            "type": "",
            "Address ": [
                "501 Smyth Rd",
                " Ottawa",
                " ON K1H 8L6",
                " Canada"
            ],
            "Phone ": [
                "+1 613-722-7000"
            ]
        },
        "Stoke Mandeville Hospital": {
            "label": "Stoke Mandeville Hospital",
            "description": "Stoke Mandeville Hospital is a large National Health Service hospital in the District of Aylesbury Vale and the town of Aylesbury, near the village of Stoke Mandeville in Buckinghamshire. It is part of Buckinghamshire Healthcare NHS Trust. Wikipedia",
            "type": "",
            "Address ": [
                "Mandeville Road",
                " Aylesbury",
                " Buckinghamshire HP21 8AL",
                " United Kingdom"
            ],
            "Phone ": [
                "+44 1296 315000"
            ],
            "People also search for": []
        },
        "Tengku Ampuan Rahimah Hospital": {
            "label": "Hospital Besar Tengku Ampuan Rahimah",
            "description": "The Tengku Ampuan Rahimah Hospital in Klang, also known as Klang General Hospital or Klang GH is a 864-bed government tertiary hospital located in the south of the royal town of Klang, Selangor, Malaysia. Wikipedia",
            "type": "",
            "Address ": [
                "Hospital Tengku Ampuan Rahimah Persiaran Tengku Ampuan Rahimah",
                " 41200 Klang",
                " Malaysia"
            ],
            "Phone ": [
                "+60 3-3375 7000"
            ],
            "People also search for": []
        },
        "Toronto General Hospital": {
            "label": "Toronto General Hospital",
            "description": "The Toronto General Hospital, is a part of the University Health Network, and a major teaching hospital in downtown Toronto, Ontario. Wikipedia",
            "type": "",
            "Address ": [
                "200 Elizabeth St",
                " Toronto",
                " ON M5G 2C4",
                " Canada"
            ],
            "Opened ": [
                "2002"
            ],
            "Phone ": [
                "+1 416-340-4800"
            ],
            "People also search for": []
        },
        "University College Hospital": {
            "label": "University College Hospital",
            "description": "University College Hospital is a teaching hospital located in London, United Kingdom. It is part of the University College London Hospitals NHS Foundation Trust and is closely associated with University College London. Wikipedia",
            "type": "",
            "Address ": [
                "235 Euston Rd",
                " London NW1 2BU",
                " United Kingdom"
            ],
            "Phone ": [
                "+44 20 3456 7890"
            ],
            "Founder ": [
                "John Elliotson"
            ],
            "See results about": []
        },
        "Toronto Western Hospital": {
            "label": "Toronto Western HospitalToronto Western Hospital",
            "description": "The Toronto Western Hospital is located at the corner of Bathurst Street and Dundas Street West in Toronto, Canada. It is part of the University Health Network.\nTWH has 256 beds, with 46,000 visits to its emergency department annually. Wikipedia",
            "type": "",
            "See results about": []
        },
        "University Hospital Heidelberg": {
            "label": "University Hospital Heidelberg",
            "description": "The university hospital of Heidelberg is one of the largest and most renowned medical centers in the Federal Republic of Germany. Wikipedia",
            "type": "",
            "Address ": "Im Neuenheimer Feld 672, 69120 Heidelberg, Germany",
            "Phone ": [
                "+49 6221 560"
            ],
            "People also search for": []
        },
        "University Medical Center of Southern Nevada": {
            "label": "University Medical Center of Southern Nevada",
            "description": "The University Medical Center of Southern Nevada, known locally as UMC, is a non-profit hospital in Las Vegas, Nevada. Wikipedia",
            "type": "",
            "Address ": [
                "1800 W Charleston Blvd",
                " Las Vegas",
                " NV 89102",
                " United States"
            ],
            "Hours ": [
                "(702) 383-2000"
            ]
        },
        "University Medical Center (Tucson, Arizona)": {
            "label": "University Medical Center",
            "description": "University of Arizona Medical Center formerly University Medical Center — Tucson, is a private, non-profit 487-bed acute-care hospital in Tucson, Arizona. UAMC has two units University Campus and South Campus. Wikipedia",
            "type": "Tucson, Arizona",
            "Address ": [
                "1501 N Campbell Ave",
                " Tucson",
                " AZ 85721",
                " United States"
            ],
            "Phone ": [
                "(520) 694-0111"
            ],
            "People also search for": []
        },
        "Mid-Western Regional Hospital, Nenagh": {
            "label": "Mid-Western Regional Hospital, Nenagh",
            "description": "The Mid-Western Regional Hospital, Nenagh is a public hospital located in Nenagh, County Tipperary, Ireland. Wikipedia",
            "type": "",
            "People also search for": []
        },
        "Vanderbilt University Medical Center": {
            "label": "Vanderbilt University Medical Center",
            "description": "The Vanderbilt University Medical Center is a collection of several hospitals and clinics, as well as the schools of medicine and nursing associated with Vanderbilt University in Nashville, Tennessee. Wikipedia",
            "type": "",
            "Address ": [
                "1211 Medical Center Dr",
                " Nashville",
                " TN 37232",
                " United States"
            ],
            "Phone ": [
                "(615) 322-5000"
            ],
            "People also search for": []
        },
        "Aradale Mental Hospital": {
            "label": "Aradale Mental Hospital",
            "description": "Aradale Mental Hospital was an Australian psychiatric hospital, located in Ararat, a rural city in Victoria, Australia. Wikipedia",
            "type": "",
            "People also search for": []
        },
        "Mont Park Asylum": {
            "label": "Mont Park Asylum",
            "description": "Mont Park Asylum was a psychiatric hospital located in Melbourne, Australia. It was closed in the late-1990s. Wikipedia",
            "type": "Hospital",
            "People also search for": []
        },
        "St. James's Hospital": {
            "label": "St. James's Hospital",
            "description": "St. James's Hospital, also known as SJH, is the largest university teaching hospital in Dublin, Ireland. Its academic partner is the University of Dublin. Wikipedia",
            "type": "",
            "Address ": [
                "James's St",
                " Dublin 8",
                " Ireland"
            ],
            "Phone ": [
                "+353 1 410 3000"
            ],
            "See results about": []
        },
        "Roswell Park Cancer Institute": {
            "label": "Roswell Park Cancer Institute",
            "description": "Roswell Park Cancer Institute is a cancer research and treatment center located in Buffalo, New York, USA. Wikipedia",
            "type": "Cancer Center",
            "Address ": [
                "Elm St",
                " Buffalo",
                " NY 14263",
                " United States"
            ],
            "Hours ": [
                "(716) 845-2300"
            ],
            "Phone ": [
                "Donald L. Trump"
            ],
            "CEO ": [
                "Roswell Park"
            ],
            "Founder ": [
                "Telly Award for Non-Broadcast Productions Film/Video - Fund Raising"
            ]
        },
        "Fremantle Hospital": {
            "label": "Fremantle Hospital",
            "description": "Fremantle Hospital is a 24 hour acute-care public teaching hospital situated in central Fremantle, Western Australia, south of Perth. Wikipedia",
            "type": "",
            "Address ": [
                "Alma St",
                " Fremantle WA 6160",
                " Australia"
            ],
            "Phone ": [
                "+61 8 9431 3333"
            ]
        },
        "Royal Perth Hospital": {
            "label": "Royal Perth Hospital",
            "description": "Royal Perth Hospital is an 855-bed teaching hospital located on the northeastern edge of the CBD of Perth, Western Australia. Royal Perth Hospital also has specialised rehabilitation facilities at Shenton Park. Wikipedia",
            "type": "",
            "Address ": [
                "197 Wellington St",
                " Perth WA 6000",
                " Australia"
            ],
            "Phone ": [
                "+61 8 9224 2244"
            ]
        },
        "Hôpital Saint-Luc": {
            "label": "Hôpital Saint-Luc",
            "description": "Hôpital Saint-Luc is a hospital in Montreal, Quebec, Canada. Its address is 1058 Saint Denis Street at the intersection of René Lévesque Boulevard in the borough of Ville-Marie. Wikipedia",
            "type": "",
            "Address ": [
                "1058 Rue Saint-Denis",
                " Montréal",
                " QC H2X 3J4",
                " Canada"
            ]
        },
        "Redland Hospital": {
            "label": "Redland Hospital",
            "description": "Redland Hospital is a public hospital, located in Redland City, Queensland, Australia. Its address is Weippin Street, Cleveland, QLD 4163. The hospital provides emergency, general medical, surgical and obstetric services. Wikipedia",
            "type": "",
            "Address ": [
                "Weippin St",
                " Cleveland QLD 4163",
                " Australia"
            ],
            "Phone ": [
                "+61 7 3488 3111"
            ],
            "People also search for": []
        },
        "Aravind Eye Hospital": {
            "label": "Aravind Eye Hospital",
            "description": "Aravind Eye Care Hospital is an ophthalmological hospital with several locations in India. It was founded by Dr. Govindappa Venkataswamy in 1976. Wikipedia",
            "type": "",
            "Address ": [
                "Anna Nagar",
                " No.1",
                " Gandhi Nagar",
                " Shenoy Nagar",
                " Madurai",
                " Tamil Nadu 625020",
                " India"
            ],
            "Phone ": [
                "+91 452 435 6100"
            ]
        },
        "Instituto Oncologico Nacional": {
            "label": "Instituto Oncologico Nacional",
            "description": "The National Oncologic Institute or ION is a specialized hospital for cancer treatment, located in Panama City, Panama. Wikipedia",
            "type": "Hospital",
            "People also search for": []
        },
        "Lakeside Mental Hospital": {
            "label": "Lakeside Behavioral Health System",
            "description": "",
            "type": "",
            "People also search for": []
        }
    },
    "summary": {
        "label": 98,
        "description": 98,
        "type": 98,
        "Address ": 83,
        "People also search for": 52,
        "Opened ": 14,
        "Phone ": 63,
        "Function ": 3,
        "Founded ": 2,
        "Hours ": 12,
        "Founder ": 9,
        "Architect ": 1,
        "Recent posts": 4,
        "See results about": 10,
        "Official name ": 1,
        "Province ": 1,
        "CEO ": 3,
        "Awards ": 1,
        "Height ": 1,
        "Architectural style ": 1,
        "Architects ": 1
    },
    "infoboxless": [
        "Midwest Proton Radiotherapy Institute",
        "Baptist Health"
    ]
}